{
 "x_min": -1000.0,
 "x_max": 3070.0,
 "y_min": 0.0,
 "y_max": 0.0007003479182538465,
 "e_min": 100.00407558613455,
 "e_max": 399.99977729117956,
 "s_min": 0.10005417315196713,
 "s_max" : 0.4999857237431612
}
