{"x_min": -1000.0, "x_max": 1100.0, "y_min": 0.0, "y_max": 0.00017625163603728893, "e_min": 100.0155914515984, "e_max": 399.9898436699915}