{
    "x_min": -1000.0,
    "x_max": 2996.0,
    "y_min": 0.0,
    "y_max": 0.0017024531270096537,
    "e_min": 100.006,
    "e_max": 399.974,
    "s_min": 0.15,
    "s_max" : 0.5,
    "r_min":0,
   "r_max":42.316327759221195
   }
   